,geoLocation,relativeDistance,AscensionNum
0,"武汉市, 一元街道, 江岸区, 湖北省, 430021, 中国",0.0,IVDC-HB-01
1,"浙江省, 中国",577.8233184668012,WZ-02
2,"武汉市, 一元街道, 江岸区, 湖北省, 430021, 中国",0.0,WH03
3,"重庆市, 渝中区 (Yuzhong), 重庆中心城区, 重庆市, 400015, 中国",754.4894027643531,YC01
4,United States,11406.681274993123,MA1
5,Australia,6531.178473609907,QLD04
6,"香港島 Hong Kong Island, 香港 Hong Kong, 中国",924.7727244549505,VB20024950-2
7,Italia,8612.950944345428,LOM-ASST-CDG1
8,"Scotland, United Kingdom",8715.221803674902,CVR01
9,United States,11406.681274993123,CA-CDPH-UC1
10,Nederland,8482.642646220407,Rotterdam_1363790
11,United States,11406.681274993123,CruiseA-2
12,"潍坊市, 山东省, 中国",814.5110580619139,WF0002
13,"广东省, 中国",836.5901018814087,GD2020233-P0027
14,"广东省, 中国",836.5901018814087,GDSZ202009-P0032
15,United States,11406.681274993123,CA-CDPH-UC8
16,"Scotland, United Kingdom",8715.221803674902,CVR02
17,Nederland,8482.642646220407,Limburg_6
18,Nederland,8482.642646220407,NoordBrabant_13
19,United States,11406.681274993123,CruiseA-24
20,Deutschland,8290.067440661527,BY-BIM-Pat3
21,Nederland,8482.642646220407,NoordBrabant_37
22,Chile,19465.12583422653,Talca-1
23,United States,11406.681274993123,WA-UW34
24,Suomi,6923.099694779077,FIN-266
25,"England, United Kingdom",8867.493844177403,20099107406
26,België / Belgique / Belgien,8658.929809902107,SH-03014
27,Nederland,8482.642646220407,NA_17
28,Nederland,8482.642646220407,NA_9
29,Nederland,8482.642646220407,NoordBrabant_67
30,Canada,9129.4733398851,BC_02421
31,United States,11406.681274993123,WA-UW41
32,"Scotland, United Kingdom",8715.221803674902,CVR10
33,"Cymru / Wales, United Kingdom",9014.840745538198,PHW37
34,"Cymru / Wales, United Kingdom",9014.840745538198,PHW29
35,Danmark,8045.341571755037,SSI-04
36,"上海市, 黄浦区, 200001, 中国",687.4754366097745,SH0029
37,"上海市, 黄浦区, 200001, 中国",687.4754366097745,SH0055
38,"上海市, 黄浦区, 200001, 中国",687.4754366097745,SH0091
39,Australia,6531.178473609907,VIC05
40,United States,11406.681274993123,WA-UW82
41,United States,11406.681274993123,WA-S8
42,Polska,7697.002487782772,PL_P1
43,Australia,6531.178473609907,VIC08
44,日本,2396.2127103130756,DP0104
45,日本,2396.2127103130756,DP0357
46,日本,2396.2127103130756,DP0763
47,United States,11406.681274993123,WA-UW110
48,United States,11406.681274993123,OR-UW135
49,United States,11406.681274993123,WA-UW160
50,United States,11406.681274993123,WA-UW185
51,France,9084.674887057203,ARA-508
52,België / Belgique / Belgien,8658.929809902107,ULG-3662
53,"香港島 Hong Kong Island, 香港 Hong Kong, 中国",924.7727244549505,VB20017970-2
54,United States,11406.681274993123,WA-S36
55,United States,11406.681274993123,WA-S61
56,United States,11406.681274993123,WA-S86
57,United States,11406.681274993123,WA-S111
58,United States,11406.681274993123,MN4-MDH4
59,"England, United Kingdom",8867.493844177403,20102112102
60,"England, United Kingdom",8867.493844177403,20106005303
61,"England, United Kingdom",8867.493844177403,20109050706
62,"England, United Kingdom",8867.493844177403,20109097506
63,United States,11406.681274993123,CA-SCCPHD-UC14
64,United States,11406.681274993123,WA-UW194
65,United States,11406.681274993123,UN-UW219
66,Australia,6531.178473609907,NSW35
67,België / Belgique / Belgien,8658.929809902107,DHWM-03041
68,United States,11406.681274993123,WA-UW234
69,United States,11406.681274993123,MN36-MDH36
70,United States,11406.681274993123,MN53-MDH53
71,臺灣,988.4990144010466,CGMH-CGU-11
72,Ísland,8622.11091031505,171
73,Ísland,8622.11091031505,246
74,Ísland,8622.11091031505,271
75,Ísland,8622.11091031505,295
76,Ísland,8622.11091031505,320
77,Ísland,8622.11091031505,76
78,Ísland,8622.11091031505,206
79,Ísland,8622.11091031505,182
80,Ísland,8622.11091031505,69
81,Ísland,8622.11091031505,175
82,Ísland,8622.11091031505,149
83,Ísland,8622.11091031505,201
84,Ísland,8622.11091031505,51
85,Ísland,8622.11091031505,95
86,Brasil,17417.817813507423,MG-0108
87,España,10018.161376434806,MD-HLP-H9-38
88,Portugal,10158.685418283656,PT0005
89,Portugal,10158.685418283656,PT0029
90,United States,11406.681274993123,CT-UW254
91,United States,11406.681274993123,WA-UW279
92,"Cymru / Wales, United Kingdom",9014.840745538198,PHWC-23AFA
93,"Cymru / Wales, United Kingdom",9014.840745538198,PHWC-23DE2
94,"Cymru / Wales, United Kingdom",9014.840745538198,PHWC-24024
95,"Cymru / Wales, United Kingdom",9014.840745538198,PHWC-242D3
96,United States,11406.681274993123,NY-NYUMC20
97,France,9084.674887057203,IDF-2420
98,Italia,8612.950944345428,ABR-IZSGC-TE4925
99,Schweiz/Suisse/Svizzera/Svizra,8673.163560992874,BL-UHB-42176753
100,"England, United Kingdom",8867.493844177403,SHEF-BFF30
101,Canada,9129.4733398851,ON-PHL-4464
102,Canada,9129.4733398851,ON-PHL-3692
103,Suomi,6923.099694779077,13M19
104,Suomi,6923.099694779077,14M77
105,Schweiz/Suisse/Svizzera/Svizra,8673.163560992874,BL-UHB-42177434
106,Éire / Ireland,9188.270223533136,D-NVRL-24042
107,België / Belgique / Belgien,8658.929809902107,ULG-9572
108,"England, United Kingdom",8867.493844177403,20119026102
109,"England, United Kingdom",8867.493844177403,20124009602
110,"England, United Kingdom",8867.493844177403,20124037902
111,"England, United Kingdom",8867.493844177403,20126006402
112,United States,11406.681274993123,WA-NH2
113,België / Belgique / Belgien,8658.929809902107,VDLH-030548
114,Canada,9129.4733398851,BC_3972884
115,Canada,9129.4733398851,BC_8150537
116,United States,11406.681274993123,WA-UW305
117,United States,11406.681274993123,CT-UW331
118,United States,11406.681274993123,WA-UW356
119,United States,11406.681274993123,WA-UW383
120,United States,11406.681274993123,NY-NYUMC28
121,Singapore,3433.7261988786736,18
122,ישראל,7380.77312985398,ISR_JP0320
123,España,10018.161376434806,PV-ISCIII-201493
124,België / Belgique / Belgien,8658.929809902107,UGent-12
125,United States,11406.681274993123,MN64-MDH64
126,"Cymru / Wales, United Kingdom",9014.840745538198,PHWC-244BF
127,"Cymru / Wales, United Kingdom",9014.840745538198,PHWC-246D7
128,"Cymru / Wales, United Kingdom",9014.840745538198,PHWC-249ED
129,"Cymru / Wales, United Kingdom",9014.840745538198,PHWC-24B8D
130,United States,11406.681274993123,CT-Yale-013
131,United States,11406.681274993123,CA-CDC-2602
132,Lëtzebuerg,8622.851048280945,LNS2907333
133,Lëtzebuerg,8622.851048280945,LNS9652104
134,Österreich,8326.230930862777,CeMM0021
135,United States,11406.681274993123,NY-NYUMC40
136,Australia,6531.178473609907,VIC119
137,Australia,6531.178473609907,VIC32
138,Australia,6531.178473609907,VIC55
139,Australia,6531.178473609907,VIC90
140,Australia,6531.178473609907,VIC51
141,Australia,6531.178473609907,VIC154
142,Australia,6531.178473609907,VIC179
143,Australia,6531.178473609907,VIC206
144,Australia,6531.178473609907,VIC231
145,Australia,6531.178473609907,VIC258
146,Australia,6531.178473609907,VIC285
147,Australia,6531.178473609907,VIC310
148,United States,11406.681274993123,VA-DCLS-0045
149,France,9084.674887057203,IDF-2989
150,Sénégal,12591.099254259068,618
151,Singapore,3433.7261988786736,25
152,España,10018.161376434806,VC-FISABIO-43
153,Norge,7852.46927016017,2090
154,"England, United Kingdom",8867.493844177403,SHEF-C04A6
155,"England, United Kingdom",8867.493844177403,SHEF-C045B
156,"England, United Kingdom",8867.493844177403,SHEF-C0127
157,"England, United Kingdom",8867.493844177403,SHEF-C01BE
158,"England, United Kingdom",8867.493844177403,SHEF-C0646
159,United States,11406.681274993123,AK-PHL002
160,België / Belgique / Belgien,8658.929809902107,VGA-030672
161,België / Belgique / Belgien,8658.929809902107,LD-030597
162,België / Belgique / Belgien,8658.929809902107,MSE-0324121
163,België / Belgique / Belgien,8658.929809902107,DVG-0325146
164,België / Belgique / Belgien,8658.929809902107,VM-0325171
165,België / Belgique / Belgien,8658.929809902107,VF-030562
166,"England, United Kingdom",8867.493844177403,20128046202
167,"England, United Kingdom",8867.493844177403,20132052902
168,"England, United Kingdom",8867.493844177403,20139051302
169,India,3646.652871997778,UN-2020781
170,United States,11406.681274993123,NY-NYUMC69
171,France,9084.674887057203,ARA-12915
172,"England, United Kingdom",8867.493844177403,20136095604
173,"England, United Kingdom",8867.493844177403,20139037504
174,"England, United Kingdom",8867.493844177403,20139047604
175,"England, United Kingdom",8867.493844177403,20139057504
176,"England, United Kingdom",8867.493844177403,20139063504
177,"England, United Kingdom",8867.493844177403,20142061304
178,"Robert Bosch Headquarter Southkorea, 신수로, 기흥구, 용인시, 경기도, 16907, 대한민국",1395.6669042982999,BA-ACH_2719
179,République démocratique du Congo,10221.898849467807,254
180,Deutschland,8290.067440661527,BY-MVP-V2010837
181,"Cymru / Wales, United Kingdom",9014.840745538198,PHWC-24EFD
182,"Cymru / Wales, United Kingdom",9014.840745538198,PHWC-24CE4
183,"Cymru / Wales, United Kingdom",9014.840745538198,PHWC-2517B
184,"Cymru / Wales, United Kingdom",9014.840745538198,PHWC-25506
185,België / Belgique / Belgien,8658.929809902107,ULG-10006
186,België / Belgique / Belgien,8658.929809902107,ULG-10043
187,"南昌市, 江西省, 中国",259.89210178847605,JX177
188,United States,11406.681274993123,WI-UW-25
189,United States,11406.681274993123,WI-UW-50
190,United States,11406.681274993123,WI-UW-75
191,United States,11406.681274993123,NY-PV08138
192,United States,11406.681274993123,NY-PV08427
193,United States,11406.681274993123,NY-PV08464
194,United States,11406.681274993123,NY-PV09000
195,Portugal,10158.685418283656,PT0067
196,Portugal,10158.685418283656,PT0092
197,España,10018.161376434806,VC-FISABIO-53
198,United States,11406.681274993123,NY-NYUMC79
199,United States,11406.681274993123,NY-PV09041
200,United States,11406.681274993123,NY-PV09092
201,India,3646.652871997778,UN-1644
202,United States,11406.681274993123,NY-NYUMC105
203,Lëtzebuerg,8622.851048280945,LNS6500589
204,"England, United Kingdom",8867.493844177403,201360185
205,"England, United Kingdom",8867.493844177403,201380028
206,"England, United Kingdom",8867.493844177403,201380215
207,"England, United Kingdom",8867.493844177403,20138088104
208,"England, United Kingdom",8867.493844177403,20139025404
209,"England, United Kingdom",8867.493844177403,20139033404
210,"England, United Kingdom",8867.493844177403,20144037304
211,"England, United Kingdom",8867.493844177403,20146006904
212,"England, United Kingdom",8867.493844177403,20146069704
213,"Cymru / Wales, United Kingdom",9014.840745538198,PHWC-263DE
214,"Cymru / Wales, United Kingdom",9014.840745538198,PHWC-26DEF
215,"Cymru / Wales, United Kingdom",9014.840745538198,PHWC-26E46
216,"Cymru / Wales, United Kingdom",9014.840745538198,PHWC-260B9
217,"Cymru / Wales, United Kingdom",9014.840745538198,PHWC-267B4
218,"Cymru / Wales, United Kingdom",9014.840745538198,PHWC-26C1F
219,"Cymru / Wales, United Kingdom",9014.840745538198,PHWC-269CD
220,"Cymru / Wales, United Kingdom",9014.840745538198,PHWC-268FD
221,"Cymru / Wales, United Kingdom",9014.840745538198,PHWC-25F80
222,"Cymru / Wales, United Kingdom",9014.840745538198,PHWC-266C6
223,"Cymru / Wales, United Kingdom",9014.840745538198,PHWC-25C98
224,"Cymru / Wales, United Kingdom",9014.840745538198,PHWC-25A34
225,"Cymru / Wales, United Kingdom",9014.840745538198,PHWC-26040
226,"Cymru / Wales, United Kingdom",9014.840745538198,PHWC-25DE0
227,"Cymru / Wales, United Kingdom",9014.840745538198,PHWC-26AF7
228,臺灣,988.4990144010466,NTU14
229,United States,11406.681274993123,WI-GMF-00744
230,United States,11406.681274993123,NY-PV09138
231,United States,11406.681274993123,NY-PV09172
232,United States,11406.681274993123,NY-PV09305
233,Nederland,8482.642646220407,NA_273
234,Nederland,8482.642646220407,NA_300
235,Nederland,8482.642646220407,ZuidHolland_98
236,Nederland,8482.642646220407,NA_111
237,Nederland,8482.642646220407,NA_144
238,Nederland,8482.642646220407,NA_174
239,Nederland,8482.642646220407,NA_199
240,Nederland,8482.642646220407,NA_224
241,Nederland,8482.642646220407,NA_250
242,Nederland,8482.642646220407,NA_48
243,Nederland,8482.642646220407,NA_74
244,Nederland,8482.642646220407,NoordBrabant_100
245,Nederland,8482.642646220407,NoordBrabant_90
246,Nederland,8482.642646220407,ZuidHolland_37
247,Nederland,8482.642646220407,ZuidHolland_66
248,Nederland,8482.642646220407,ZuidHolland_92
249,United States,11406.681274993123,WA-UW-1300
250,United States,11406.681274993123,WA-UW-1427
251,Nederland,8482.642646220407,Drente_1
252,"England, United Kingdom",8867.493844177403,20134004704
253,"England, United Kingdom",8867.493844177403,20134016404
254,"England, United Kingdom",8867.493844177403,20134021104
255,"England, United Kingdom",8867.493844177403,20134027904
256,"England, United Kingdom",8867.493844177403,20134071804
257,"England, United Kingdom",8867.493844177403,201340854
258,"England, United Kingdom",8867.493844177403,201360117
259,"England, United Kingdom",8867.493844177403,201360201
260,"England, United Kingdom",8867.493844177403,201360281
261,"England, United Kingdom",8867.493844177403,20138017804
262,"England, United Kingdom",8867.493844177403,20138026404
263,"England, United Kingdom",8867.493844177403,20139002404
264,"England, United Kingdom",8867.493844177403,20139070704
265,"England, United Kingdom",8867.493844177403,20140009802
266,"England, United Kingdom",8867.493844177403,20140071504
267,"England, United Kingdom",8867.493844177403,20142018004
268,"England, United Kingdom",8867.493844177403,20142082704
269,"England, United Kingdom",8867.493844177403,20144004804
270,"England, United Kingdom",8867.493844177403,20144021304
271,"England, United Kingdom",8867.493844177403,20144037404
272,"England, United Kingdom",8867.493844177403,20144074504
273,"England, United Kingdom",8867.493844177403,20148006604
274,"England, United Kingdom",8867.493844177403,20130035804
275,"England, United Kingdom",8867.493844177403,20130061304
276,"England, United Kingdom",8867.493844177403,20130071904
277,"England, United Kingdom",8867.493844177403,20131102804
278,"England, United Kingdom",8867.493844177403,20132003304
279,"England, United Kingdom",8867.493844177403,20132020204
280,"England, United Kingdom",8867.493844177403,20132027204
281,"England, United Kingdom",8867.493844177403,20132066204
282,"England, United Kingdom",8867.493844177403,20132082004
283,"England, United Kingdom",8867.493844177403,20132104404
284,"England, United Kingdom",8867.493844177403,20126001204
285,"England, United Kingdom",8867.493844177403,20126010004
286,"England, United Kingdom",8867.493844177403,20126103604
287,"England, United Kingdom",8867.493844177403,20128014404
288,"England, United Kingdom",8867.493844177403,20128041604
289,"England, United Kingdom",8867.493844177403,20129011104
290,"England, United Kingdom",8867.493844177403,20129021604
291,"England, United Kingdom",8867.493844177403,20129037304
292,"England, United Kingdom",8867.493844177403,20129064904
293,"England, United Kingdom",8867.493844177403,20129100204
294,"England, United Kingdom",8867.493844177403,20129146302
295,"England, United Kingdom",8867.493844177403,20129171404
296,"England, United Kingdom",8867.493844177403,20129177604
297,United States,11406.681274993123,WA-UW-1645
298,United States,11406.681274993123,WA-UW-1670
299,United States,11406.681274993123,WA-UW-1741
300,United States,11406.681274993123,WA-UW-1799
301,United States,11406.681274993123,WA-UW-1846
302,United States,11406.681274993123,WA-UW-1956
303,United States,11406.681274993123,WA-UW-1986
304,India,3646.652871997778,UN-3239
305,Ísland,8622.11091031505,366
306,Ísland,8622.11091031505,391
307,Ísland,8622.11091031505,416
308,Ísland,8622.11091031505,441
309,Ísland,8622.11091031505,467
310,Ísland,8622.11091031505,493
311,Ísland,8622.11091031505,519
312,Ísland,8622.11091031505,545
313,Ísland,8622.11091031505,570
314,Ísland,8622.11091031505,595
315,België / Belgique / Belgien,8658.929809902107,ULG-10081
316,België / Belgique / Belgien,8658.929809902107,ULG-10063
317,United States,11406.681274993123,FL_7169
318,United States,11406.681274993123,OH_0023
319,United States,11406.681274993123,SC_3572
320,United States,11406.681274993123,NY-NYUMC131
321,United States,11406.681274993123,NY-NYUMC156
322,France,9084.674887057203,OCC-KRA-ROB
323,Deutschland,8290.067440661527,NW-HHU-40
324,United States,11406.681274993123,WI-UW-93
325,United States,11406.681274993123,WI-UW-118
326,España,10018.161376434806,VC-FISABIO-76
327,,0.0,2556
328,"England, United Kingdom",8867.493844177403,CAMB-738F1
329,"England, United Kingdom",8867.493844177403,CAMB-73AFB
330,"England, United Kingdom",8867.493844177403,CAMB-74544
331,"England, United Kingdom",8867.493844177403,CAMB-7473F
332,"England, United Kingdom",8867.493844177403,CAMB-74BCA
333,"England, United Kingdom",8867.493844177403,CAMB-74E67
334,"England, United Kingdom",8867.493844177403,CAMB-75552
335,"England, United Kingdom",8867.493844177403,CAMB-76DFF
336,"England, United Kingdom",8867.493844177403,CAMB-7705F
337,"England, United Kingdom",8867.493844177403,NOTT-10DFD8
338,"England, United Kingdom",8867.493844177403,NOTT-10E195
339,"England, United Kingdom",8867.493844177403,NOTT-10E335
340,"England, United Kingdom",8867.493844177403,NOTT-10E4D8
341,"England, United Kingdom",8867.493844177403,NOTT-10E6C3
342,"England, United Kingdom",8867.493844177403,NOTT-10E8AF
343,"England, United Kingdom",8867.493844177403,NOTT-10EA6D
344,"Scotland, United Kingdom",8715.221803674902,CVR110
345,"Scotland, United Kingdom",8715.221803674902,CVR138
346,"Scotland, United Kingdom",8715.221803674902,CVR167
347,"Scotland, United Kingdom",8715.221803674902,CVR200
348,"Scotland, United Kingdom",8715.221803674902,CVR27
349,"Scotland, United Kingdom",8715.221803674902,CVR526
350,"Scotland, United Kingdom",8715.221803674902,CVR76
351,"Scotland, United Kingdom",8715.221803674902,EDB025
352,"Scotland, United Kingdom",8715.221803674902,EDB052
353,"Scotland, United Kingdom",8715.221803674902,EDB090
354,"Scotland, United Kingdom",8715.221803674902,EDB124
355,"Scotland, United Kingdom",8715.221803674902,EDB186
356,"Scotland, United Kingdom",8715.221803674902,EDB254
357,"Scotland, United Kingdom",8715.221803674902,EDB362
358,"Scotland, United Kingdom",8715.221803674902,EDB421
359,United States,11406.681274993123,NY-Wadsworth-10704-01
360,United States,11406.681274993123,CT-UW-4372
361,United States,11406.681274993123,WA-UW-2078
362,United States,11406.681274993123,WA-UW-2180
363,United States,11406.681274993123,WA-UW-2250
364,Latvija,7176.9991856938905,07
365,United States,11406.681274993123,NY-Wadsworth-30878-01
366,México,13068.579515924872,CMX-INCMNSZ-04
367,United States,11406.681274993123,WA_0418
368,United States,11406.681274993123,VA-DCLS-0053
369,United States,11406.681274993123,AZ-TG268002
370,United States,11406.681274993123,AZ-TG269439
371,United States,11406.681274993123,AZ-TG271892
372,United States,11406.681274993123,NY-NYUMC162
373,Australia,6531.178473609907,VIC333
374,Australia,6531.178473609907,VIC359
375,Australia,6531.178473609907,VIC385
376,Australia,6531.178473609907,VIC417
377,Australia,6531.178473609907,VIC494
378,Australia,6531.178473609907,VIC525
379,Australia,6531.178473609907,VIC556
380,Australia,6531.178473609907,VIC585
381,Australia,6531.178473609907,VIC613
382,,0.0,IAB_18
383,Australia,6531.178473609907,VIC487
384,Australia,6531.178473609907,VIC647
385,Australia,6531.178473609907,VIC672
386,Australia,6531.178473609907,VIC706
387,Australia,6531.178473609907,VIC739
388,Ελλάς,8111.17004106223,13
389,Australia,6531.178473609907,VIC793
390,Australia,6531.178473609907,VIC821
391,Australia,6531.178473609907,VIC860
392,Australia,6531.178473609907,VIC891
393,United States,11406.681274993123,ID-UW-4100
394,United States,11406.681274993123,WA-UW-3850
395,United States,11406.681274993123,WA-UW-3950
396,United States,11406.681274993123,WA-UW-4118
397,United States,11406.681274993123,WA-UW-4340
398,Brasil,17417.817813507423,BA-510
399,Россия,3960.8437892639636,StPetersburg-RII4591S
400,België / Belgique / Belgien,8658.929809902107,ULG-10035
401,België / Belgique / Belgien,8658.929809902107,ULG-10120
402,臺灣,988.4990144010466,TSGH-06
403,United States,11406.681274993123,IL-UW-123
404,United States,11406.681274993123,WI-UW-148
405,United States,11406.681274993123,NY-NYUMC191
406,United States,11406.681274993123,NY-NYUMC216
407,United States,11406.681274993123,NY-WCMP4G04P
408,United States,11406.681274993123,NY-WCMP10C04P
409,United States,11406.681274993123,NY-WCMP11C03P
410,United States,11406.681274993123,NY-WCMP12G01P
411,United States,11406.681274993123,NY-NYUMC234
412,Australia,6531.178473609907,NSW177
413,Australia,6531.178473609907,NSW136
414,Australia,6531.178473609907,NSW101
415,Australia,6531.178473609907,NSW134
416,Australia,6531.178473609907,NSW195
417,Australia,6531.178473609907,NSW204
418,United States,11406.681274993123,NE-875
419,United States,11406.681274993123,WI-UW-166
420,United States,11406.681274993123,WI-UW-191
421,United States,11406.681274993123,WI-UW-216
422,United States,11406.681274993123,WI-UW-241
423,France,9084.674887057203,IDF-3709
424,United States,11406.681274993123,CT-Yale-075
425,"广东省, 中国",836.5901018814087,20SF118
426,"广东省, 中国",836.5901018814087,20SF758
427,España,10018.161376434806,MD-H12-LP19-4952
428,España,10018.161376434806,MD-H12-2902
429,United States,11406.681274993123,WI-UW-252
430,United States,11406.681274993123,NY-NYUMC252
431,United States,11406.681274993123,NY-NYUMC277
432,Singapore,3433.7261988786736,53
433,Gambia,12749.171746025517,GC19-029
434,Россия,3960.8437892639636,Moscow-77627
435,Россия,3960.8437892639636,Chechenya-83801
436,United States,11406.681274993123,WI-UW-260
437,United States,11406.681274993123,CA-CZB0104
438,United States,11406.681274993123,CA-CZB0100
439,United States,11406.681274993123,CA-CZB0701
440,United States,11406.681274993123,CA-CZB0112
441,"广州市, 广东省, 中国",836.4381226251407,GZMU0041
442,Sverige,7623.643651679293,20-08173
443,Sverige,7623.643651679293,20-50176
444,ประเทศไทย,2221.3670613531704,Bangkok-0041
445,Schweiz/Suisse/Svizzera/Svizra,8673.163560992874,GE-HUG-6414
446,Danmark,8045.341571755037,ALAB-HH01
447,Danmark,8045.341571755037,ALAB-HH29
448,Danmark,8045.341571755037,ALAB-HH66
449,Danmark,8045.341571755037,ALAB-SSI106
450,Danmark,8045.341571755037,ALAB-SSI145
451,Danmark,8045.341571755037,ALAB-SSI183
452,Danmark,8045.341571755037,ALAB-SSI234
453,Danmark,8045.341571755037,ALAB-SSI277
454,Danmark,8045.341571755037,ALAB-SSI349
455,Danmark,8045.341571755037,ALAB-SSI393
456,Danmark,8045.341571755037,ALAB-SSI416
457,Danmark,8045.341571755037,ALAB-SSI451
458,Danmark,8045.341571755037,ALAB-SSI484
459,Danmark,8045.341571755037,ALAB-SSI523
460,United States,11406.681274993123,WA-UW-4744
461,United States,11406.681274993123,WA-UW-5065
462,Brasil,17417.817813507423,MG-CV12
463,Brasil,17417.817813507423,MG-CV46
464,Lëtzebuerg,8622.851048280945,LNS0756265
465,Lëtzebuerg,8622.851048280945,LNS9598665
466,Lëtzebuerg,8622.851048280945,LNS7299024
467,Lëtzebuerg,8622.851048280945,LNS5372169
468,"溧水区, 南京市, 211200, 中国",464.90845548733756,LS559
469,France,9084.674887057203,HDF-1463
470,الأردن,7213.723649921504,SR-033
471,United States,11406.681274993123,UT-066
472,United States,11406.681274993123,UT-0446
473,Россия,3960.8437892639636,StPetersburg-RII4780S
474,Россия,3960.8437892639636,StPetersburg-RII5635S
475,United States,11406.681274993123,WA-S265
476,United States,11406.681274993123,WA-S290
477,United States,11406.681274993123,WA-S135
478,United States,11406.681274993123,WA-S160
479,United States,11406.681274993123,WA-S188
480,United States,11406.681274993123,WA-S213
481,United States,11406.681274993123,WA-S238
482,United States,11406.681274993123,NY-NYUMC295
483,United States,11406.681274993123,NY-NYUMC320
484,United States,11406.681274993123,NY-NYUMC345
485,United States,11406.681274993123,NY-NYUMC370
486,United States,11406.681274993123,NY-NYUMC395
487,Ελλάς,8111.17004106223,127_HPI
488,Australia,6531.178473609907,NT36
489,Australia,6531.178473609907,VIC1222
490,Australia,6531.178473609907,VIC988
491,Australia,6531.178473609907,VIC1110
492,Australia,6531.178473609907,VIC1120
493,Australia,6531.178473609907,VIC1144
494,Australia,6531.178473609907,VIC947
495,Australia,6531.178473609907,VIC1056
496,Australia,6531.178473609907,VIC1303
497,España,10018.161376434806,MD-H12-LP29
498,"Wendover Airport, Kelcee Street, West Wendover, Elko County, Nevada, 98993, United States",10656.967085125852,Beijing
499,Argentina,19520.90999908801,PAIS-A0022
500,Sverige,7623.643651679293,20-08171
501,United States,11406.681274993123,UN-UW-531
502,United States,11406.681274993123,WA-UW-5400
503,United States,11406.681274993123,WA-UW-5932
504,United States,11406.681274993123,WA-UW-6213
505,République démocratique du Congo,10221.898849467807,1319
506,United States,11406.681274993123,CT-Yale-134
507,"Cymru / Wales, United Kingdom",9014.840745538198,PHWC-285E5
508,"Cymru / Wales, United Kingdom",9014.840745538198,PHWC-27188
509,"Cymru / Wales, United Kingdom",9014.840745538198,PHWC-28837
510,"Cymru / Wales, United Kingdom",9014.840745538198,PHWC-27FCA
511,"Cymru / Wales, United Kingdom",9014.840745538198,PHWC-27777
512,"Cymru / Wales, United Kingdom",9014.840745538198,PHWC-272A3
513,"Cymru / Wales, United Kingdom",9014.840745538198,PHWC-2B069
514,"Cymru / Wales, United Kingdom",9014.840745538198,PHWC-2806C
515,"Cymru / Wales, United Kingdom",9014.840745538198,PHWC-287D0
516,"Cymru / Wales, United Kingdom",9014.840745538198,PHWC-29344
517,"Cymru / Wales, United Kingdom",9014.840745538198,PHWC-287A3
518,"Cymru / Wales, United Kingdom",9014.840745538198,PHWC-25366
519,"Cymru / Wales, United Kingdom",9014.840745538198,PHWC-278A1
520,"Cymru / Wales, United Kingdom",9014.840745538198,PHWC-275D7
521,"Cymru / Wales, United Kingdom",9014.840745538198,PHWC-2757D
522,"Cymru / Wales, United Kingdom",9014.840745538198,PHWC-2B05A
523,"Cymru / Wales, United Kingdom",9014.840745538198,PHWC-24E39
524,"Cymru / Wales, United Kingdom",9014.840745538198,PHWC-29CB2
525,"Cymru / Wales, United Kingdom",9014.840745538198,PHWC-2B263
526,"Cymru / Wales, United Kingdom",9014.840745538198,PHWC-29C67
527,"Cymru / Wales, United Kingdom",9014.840745538198,PHWC-27CE1
528,"Cymru / Wales, United Kingdom",9014.840745538198,PHWC-2B2DC
529,"England, United Kingdom",8867.493844177403,SHEF-C8C2E
530,"England, United Kingdom",8867.493844177403,SHEF-CA169
531,"England, United Kingdom",8867.493844177403,SHEF-CB414
532,"England, United Kingdom",8867.493844177403,SHEF-CCC93
533,"England, United Kingdom",8867.493844177403,SHEF-CDED8
534,"England, United Kingdom",8867.493844177403,SHEF-CF067
535,"England, United Kingdom",8867.493844177403,SHEF-D0054
536,"England, United Kingdom",8867.493844177403,SHEF-D169D
537,"England, United Kingdom",8867.493844177403,SHEF-D2A54
538,"England, United Kingdom",8867.493844177403,NOTT-10FAD5
539,"England, United Kingdom",8867.493844177403,NOTT-10FCB1
540,"England, United Kingdom",8867.493844177403,SHEF-C1B37
541,"England, United Kingdom",8867.493844177403,SHEF-C2F76
542,"England, United Kingdom",8867.493844177403,SHEF-C3DF3
543,"England, United Kingdom",8867.493844177403,SHEF-C5ABE
544,"England, United Kingdom",8867.493844177403,SHEF-C7014
545,"England, United Kingdom",8867.493844177403,SHEF-C815C
546,"Scotland, United Kingdom",8715.221803674902,EDB924
547,"England, United Kingdom",8867.493844177403,NOTT-10EC67
548,"England, United Kingdom",8867.493844177403,NOTT-10EE61
549,"England, United Kingdom",8867.493844177403,NOTT-10F03D
550,"England, United Kingdom",8867.493844177403,NOTT-10F273
551,"England, United Kingdom",8867.493844177403,NOTT-10F47D
552,"England, United Kingdom",8867.493844177403,NOTT-10F677
553,"England, United Kingdom",8867.493844177403,NOTT-10F8F9
554,"Scotland, United Kingdom",8715.221803674902,EDB1566
555,"Scotland, United Kingdom",8715.221803674902,EDB1656
556,"Scotland, United Kingdom",8715.221803674902,EDB1740
557,"Scotland, United Kingdom",8715.221803674902,EDB1927
558,"Scotland, United Kingdom",8715.221803674902,EDB2084
559,"Scotland, United Kingdom",8715.221803674902,EDB590
560,"Scotland, United Kingdom",8715.221803674902,EDB734
561,"Scotland, United Kingdom",8715.221803674902,EDB863
562,"Scotland, United Kingdom",8715.221803674902,CVR309
563,"Scotland, United Kingdom",8715.221803674902,CVR512
564,"Scotland, United Kingdom",8715.221803674902,CVR749
565,"Scotland, United Kingdom",8715.221803674902,CVR902
566,"Scotland, United Kingdom",8715.221803674902,EDB1073
567,"Scotland, United Kingdom",8715.221803674902,EDB1148
568,"Scotland, United Kingdom",8715.221803674902,EDB129
569,"Scotland, United Kingdom",8715.221803674902,EDB1463
570,"England, United Kingdom",8867.493844177403,CAMB-7FB74
571,"Scotland, United Kingdom",8715.221803674902,CVR1085
572,"Scotland, United Kingdom",8715.221803674902,CVR1296
573,"Scotland, United Kingdom",8715.221803674902,CVR1370
574,"Scotland, United Kingdom",8715.221803674902,CVR1431
575,"Scotland, United Kingdom",8715.221803674902,CVR1521
576,"Scotland, United Kingdom",8715.221803674902,CVR1629
577,"Scotland, United Kingdom",8715.221803674902,CVR1751
578,"England, United Kingdom",8867.493844177403,CAMB-73CAA
579,"England, United Kingdom",8867.493844177403,CAMB-78276
580,"England, United Kingdom",8867.493844177403,CAMB-78425
581,"England, United Kingdom",8867.493844177403,CAMB-7864D
582,"England, United Kingdom",8867.493844177403,CAMB-78883
583,"England, United Kingdom",8867.493844177403,CAMB-78A32
584,"England, United Kingdom",8867.493844177403,CAMB-7AA8B
585,"England, United Kingdom",8867.493844177403,CAMB-7AC67
586,"England, United Kingdom",8867.493844177403,CAMB-7AE43
587,"England, United Kingdom",8867.493844177403,CAMB-7B05B
588,"England, United Kingdom",8867.493844177403,CAMB-7B237
589,"England, United Kingdom",8867.493844177403,CAMB-7B440
590,"England, United Kingdom",8867.493844177403,CAMB-7C04B
591,"England, United Kingdom",8867.493844177403,CAMB-7C1DF
592,"England, United Kingdom",8867.493844177403,CAMB-7C37F
593,"England, United Kingdom",8867.493844177403,CAMB-7E270
594,United States,11406.681274993123,WA-S324
595,United States,11406.681274993123,WA-S349
596,United States,11406.681274993123,WA-S377
597,United States,11406.681274993123,WA-S402
598,United States,11406.681274993123,WA-S427
599,United States,11406.681274993123,WA-S454
600,United States,11406.681274993123,WA-S479
601,United States,11406.681274993123,WA-S505
602,United States,11406.681274993123,WA-S533
603,United States,11406.681274993123,WA-S563
604,België / Belgique / Belgien,8658.929809902107,UGent-32
605,België / Belgique / Belgien,8658.929809902107,ITM_C159
606,Ελλάς,8111.17004106223,51
607,Lëtzebuerg,8622.851048280945,LNS1368952
608,United States,11406.681274993123,LA-ALSR-0059-NBG
609,"PuertoRico, Aldama, Tamaulipas, México",13135.554562516065,CDC-S4
610,"香港島 Hong Kong Island, 香港 Hong Kong, 中国",924.7727244549505,HKU-908b
611,United States,11406.681274993123,WI-UW-263
612,France,9084.674887057203,OCC-19
613,Sverige,7623.643651679293,20-06908
614,United States,11406.681274993123,MD-HP00023
615,မြန်မာ,2378.7593273391544,NIH-4385
616,United States,11406.681274993123,TX-HMH025
617,United States,11406.681274993123,TX-HMH050
618,United States,11406.681274993123,TX-HMH075
619,United States,11406.681274993123,TX-HMH0104
620,United States,11406.681274993123,TX-HMH0134
621,United States,11406.681274993123,TX-HMH0160
622,United States,11406.681274993123,TX-HMH0209
623,United States,11406.681274993123,TX-HMH0281
624,United States,11406.681274993123,TX-HMH0322
625,United States,11406.681274993123,TX-HMH0367
626,United States,11406.681274993123,TX-HMH0397
627,United States,11406.681274993123,TX-HMH0426
628,United States,11406.681274993123,LA-EVTL01
629,India,3646.652871997778,TN-NCDC-02309
630,India,3646.652871997778,DL-NCDC-01638
631,,0.0,L4682
632,République démocratique du Congo,10221.898849467807,1982
633,Việt Nam,2016.2568899408766,VNHN_0764
634,United States,11406.681274993123,UT-0529
635,United States,11406.681274993123,UT-0888
636,Magyarország,7902.430428513634,SRC-00827
637,United States,11406.681274993123,LA-SR0144
638,United States,11406.681274993123,CA-SR0175
639,United States,11406.681274993123,NY-NYUMC431
640,United States,11406.681274993123,NY-NYUMC457
641,United States,11406.681274993123,NY-NYUMC483
642,United States,11406.681274993123,LA-EVTL035
643,United States,11406.681274993123,CA-SCCPHD-UC119
644,United States,11406.681274993123,CA-SCCPHD-UC144
645,United States,11406.681274993123,CA-SCCPHD-UC169
646,United States,11406.681274993123,CA-SCCPHD-UC194
647,Singapore,3433.7261988786736,93
648,United States,11406.681274993123,DC-CDC-9096
649,United States,11406.681274993123,NY-SURV0407
650,臺灣,988.4990144010466,TSGH-19
651,Australia,6531.178473609907,VIC1273
652,España,10018.161376434806,VC-FISABIO-115
653,España,10018.161376434806,VC-FISABIO-140
654,España,10018.161376434806,VC-FISABIO-165
655,España,10018.161376434806,VC-FISABIO-190
656,España,10018.161376434806,VC-FISABIO-215
657,España,10018.161376434806,VC-FISABIO-240
658,España,10018.161376434806,VC-FISABIO-265
659,España,10018.161376434806,VC-FISABIO-290
660,España,10018.161376434806,VC-FISABIO-315
661,India,3646.652871997778,DL-NCDC-3394
662,India,3646.652871997778,MP-NCDC-4876
663,United States,11406.681274993123,PA-MGSC38-05
664,United States,11406.681274993123,FL-BPHL-07
665,United States,11406.681274993123,FL-BPHL-032
666,United States,11406.681274993123,WI-UW-292
667,United States,11406.681274993123,WI-UW-317
668,United States,11406.681274993123,WI-UW-342
669,United States,11406.681274993123,CA-CZB-1020
670,"octapharma SouthAfrica Limited / DHL Supply Chain, Ekurhuleni Ward 92, City of Ekurhuleni Metropolitan Municipality, Gauteng, South Africa",11108.846184462762,KRISP-045
671,United States,11406.681274993123,NY-NYUMC488
672,United States,11406.681274993123,MI-MDHHS-SC20143
673,United States,11406.681274993123,MI-MDHHS-SC20152
674,United States,11406.681274993123,MI-MDHHS-SC20135
675,United States,11406.681274993123,WI-GMF-01978
676,United States,11406.681274993123,UT-01437
677,United States,11406.681274993123,LA-BIE-074
678,Danmark,8045.341571755037,ALAB-SSI-547
679,Danmark,8045.341571755037,ALAB-SSI-610
680,Danmark,8045.341571755037,ALAB-SSI-645
681,Danmark,8045.341571755037,ALAB-SSI-692
682,United States,11406.681274993123,CA-CZB-1067
683,Latvija,7176.9991856938905,013
684,United States,11406.681274993123,MI-MDHHS-SC20030
685,United States,11406.681274993123,MI-MDHHS-SC20055
686,United States,11406.681274993123,MI-MDHHS-SC20080
687,Indonesia,3697.8162571809876,JK-EIJK-04
688,Deutschland,8290.067440661527,BY-MVP-0016
689,Deutschland,8290.067440661527,BY-MVP-0043
690,Deutschland,8290.067440661527,BY-MVP-0071
691,Deutschland,8290.067440661527,BY-MVP-0101
692,Türkiye,7080.504820211354,HSGM-1027
693,République démocratique du Congo,10221.898849467807,2644
694,United States,11406.681274993123,MN-MDH-387
695,United States,11406.681274993123,VA-DCLS-0176
696,United States,11406.681274993123,VA-DCLS-0202
697,India,3646.652871997778,GJ-GBRC14
698,,0.0,KAUST-Makkah18
699,,0.0,KAUST-Madinah54
700,United States,11406.681274993123,OR-OHSU-0052
701,United States,11406.681274993123,CA-SR0255
702,United States,11406.681274993123,CA-SR0204
703,ประเทศไทย,2221.3670613531704,SI205457-NST
704,Danmark,8045.341571755037,ALAB-SSI-1086
705,Danmark,8045.341571755037,ALAB-SSI-242
706,Danmark,8045.341571755037,ALAB-SSI-941
707,,0.0,KAUST-Makkah190
708,,0.0,KAUST-Makkah237
709,,0.0,KAUST-Jeddah70
710,United States,11406.681274993123,VA-DCLS-0144
711,United States,11406.681274993123,WA-UW-4021
712,United States,11406.681274993123,ID-UW-6455
713,United States,11406.681274993123,WA-UW-6527
714,Ελλάς,8111.17004106223,213_34051
715,Ελλάς,8111.17004106223,261_32221
716,Österreich,8326.230930862777,CeMM0045
717,Österreich,8326.230930862777,CeMM0096
718,Österreich,8326.230930862777,CeMM0126
719,Österreich,8326.230930862777,CeMM0161
720,Österreich,8326.230930862777,CeMM0191
721,Österreich,8326.230930862777,CeMM0223
722,Österreich,8326.230930862777,CeMM0252
723,Österreich,8326.230930862777,CeMM0280
724,United States,11406.681274993123,WA-S588
725,United States,11406.681274993123,WA-S613
726,United States,11406.681274993123,WA-S638
727,United States,11406.681274993123,WA-S663
728,United States,11406.681274993123,MD-HP00087
729,"England, United Kingdom",8867.493844177403,CAMB-76278
730,"England, United Kingdom",8867.493844177403,CAMB-75929
731,"England, United Kingdom",8867.493844177403,CAMB-7618A
732,"England, United Kingdom",8867.493844177403,CAMB-75ACC
733,"England, United Kingdom",8867.493844177403,CAMB-7622D
734,"England, United Kingdom",8867.493844177403,CAMB-71DA9
735,"England, United Kingdom",8867.493844177403,CAMB-75D0F
736,"England, United Kingdom",8867.493844177403,CAMB-7624B
737,"England, United Kingdom",8867.493844177403,CAMB-766C7
738,"England, United Kingdom",8867.493844177403,CAMB-75DF0
739,"England, United Kingdom",8867.493844177403,CAMB-76BF5
740,"England, United Kingdom",8867.493844177403,CAMB-77259
741,"England, United Kingdom",8867.493844177403,CAMB-81122
742,"England, United Kingdom",8867.493844177403,CAMB-81F28
743,"England, United Kingdom",8867.493844177403,CAMB-82103
744,"England, United Kingdom",8867.493844177403,CAMB-829FC
745,"England, United Kingdom",8867.493844177403,CAMB-82C11
746,"England, United Kingdom",8867.493844177403,CAMB-83DE0
747,"England, United Kingdom",8867.493844177403,CAMB-83FDB
748,"England, United Kingdom",8867.493844177403,CAMB-8465D
749,"Scotland, United Kingdom",8715.221803674902,CVR1179
750,"Scotland, United Kingdom",8715.221803674902,CVR1367
751,"Scotland, United Kingdom",8715.221803674902,CVR1473
752,"Scotland, United Kingdom",8715.221803674902,CVR1692
753,"Scotland, United Kingdom",8715.221803674902,CVR2012
754,"Scotland, United Kingdom",8715.221803674902,CVR2378
755,"Scotland, United Kingdom",8715.221803674902,CVR2512
756,"Scotland, United Kingdom",8715.221803674902,CVR2747
757,"Scotland, United Kingdom",8715.221803674902,CVR2749
758,"Scotland, United Kingdom",8715.221803674902,CVR2921
759,"Scotland, United Kingdom",8715.221803674902,CVR305
760,"Scotland, United Kingdom",8715.221803674902,CVR318
761,"Scotland, United Kingdom",8715.221803674902,CVR398
762,"Scotland, United Kingdom",8715.221803674902,CVR739
763,"Scotland, United Kingdom",8715.221803674902,CVR866
764,"Scotland, United Kingdom",8715.221803674902,EDB137
765,"Scotland, United Kingdom",8715.221803674902,EDB2234
766,"Scotland, United Kingdom",8715.221803674902,EDB2389
767,"Scotland, United Kingdom",8715.221803674902,EDB2518
768,"Scotland, United Kingdom",8715.221803674902,EDB2638
769,"Scotland, United Kingdom",8715.221803674902,EDB3500
770,"Scotland, United Kingdom",8715.221803674902,EDB3603
771,"Scotland, United Kingdom",8715.221803674902,EDB3783
772,"Scotland, United Kingdom",8715.221803674902,EDB3870
773,"England, United Kingdom",8867.493844177403,CAMB-77B12
774,"England, United Kingdom",8867.493844177403,CAMB-76C10
775,"England, United Kingdom",8867.493844177403,CAMB-77602
776,"England, United Kingdom",8867.493844177403,CAMB-76041
777,"England, United Kingdom",8867.493844177403,CAMB-775D8
778,"England, United Kingdom",8867.493844177403,CAMB-77462
779,"England, United Kingdom",8867.493844177403,CAMB-7607E
780,"England, United Kingdom",8867.493844177403,CAMB-72018
781,"England, United Kingdom",8867.493844177403,CAMB-7279B
782,"England, United Kingdom",8867.493844177403,CAMB-7218E
783,"England, United Kingdom",8867.493844177403,CAMB-71CF7
784,"England, United Kingdom",8867.493844177403,CAMB-72625
785,"England, United Kingdom",8867.493844177403,LIVE-98F2E
786,"England, United Kingdom",8867.493844177403,LIVE-99206
787,"England, United Kingdom",8867.493844177403,LIVE-9943D
788,"England, United Kingdom",8867.493844177403,LIVE-996A0
789,"England, United Kingdom",8867.493844177403,LIVE-99901
790,"England, United Kingdom",8867.493844177403,LIVE-99AFF
791,"England, United Kingdom",8867.493844177403,LIVE-99EA8
792,"England, United Kingdom",8867.493844177403,LIVE-9A117
793,"England, United Kingdom",8867.493844177403,CAMB-71FB2
794,"England, United Kingdom",8867.493844177403,CAMB-725EC
795,"England, United Kingdom",8867.493844177403,CAMB-71EF1
796,"England, United Kingdom",8867.493844177403,CAMB-723A6
797,"England, United Kingdom",8867.493844177403,BRIS-122377
798,"England, United Kingdom",8867.493844177403,BRIS-121F74
799,"England, United Kingdom",8867.493844177403,BRIS-121D3E
800,"England, United Kingdom",8867.493844177403,CAMB-72CBA
801,"England, United Kingdom",8867.493844177403,CAMB-735CD
802,"England, United Kingdom",8867.493844177403,BRIS-121DB6
803,"England, United Kingdom",8867.493844177403,BRIS-121D01
804,"England, United Kingdom",8867.493844177403,BRIS-121C8C
805,"England, United Kingdom",8867.493844177403,CAMB-73132
806,"England, United Kingdom",8867.493844177403,BRIS-121BAD
807,"England, United Kingdom",8867.493844177403,CAMB-7342A
808,"England, United Kingdom",8867.493844177403,BRIS-1219A3
809,"England, United Kingdom",8867.493844177403,BRIS-121C6E
810,"England, United Kingdom",8867.493844177403,BRIS-121A19
811,"England, United Kingdom",8867.493844177403,CAMB-73EB3
812,"England, United Kingdom",8867.493844177403,CAMB-7425C
813,"England, United Kingdom",8867.493844177403,CAMB-74025
814,"England, United Kingdom",8867.493844177403,CAMB-74FDD
815,"England, United Kingdom",8867.493844177403,CAMB-7530D
816,"England, United Kingdom",8867.493844177403,CAMB-84F52
817,"England, United Kingdom",8867.493844177403,CAMB-7582C
818,"England, United Kingdom",8867.493844177403,CAMB-848FD
819,"England, United Kingdom",8867.493844177403,CAMB-84AF7
820,"England, United Kingdom",8867.493844177403,CAMB-847B4
821,"England, United Kingdom",8867.493844177403,CAMB-7A001
822,"England, United Kingdom",8867.493844177403,CAMB-7B695
823,"England, United Kingdom",8867.493844177403,BRIS-122C8B
824,"England, United Kingdom",8867.493844177403,BRIS-122A63
825,"England, United Kingdom",8867.493844177403,BRIS-1224B0
826,"England, United Kingdom",8867.493844177403,BRIS-1227F3
827,"England, United Kingdom",8867.493844177403,BRIS-1228D2
828,"England, United Kingdom",8867.493844177403,BRIS-122D97
829,"England, United Kingdom",8867.493844177403,BRIS-122465
830,"England, United Kingdom",8867.493844177403,BRIS-122614
831,"England, United Kingdom",8867.493844177403,CAMB-77CE2
832,"England, United Kingdom",8867.493844177403,CAMB-77F16
833,"England, United Kingdom",8867.493844177403,LIVE-9B723
834,"England, United Kingdom",8867.493844177403,LIVE-9BAA2
835,"England, United Kingdom",8867.493844177403,LIVE-9C93B
836,"England, United Kingdom",8867.493844177403,LIVE-9CE78
837,"England, United Kingdom",8867.493844177403,LOND-D36B9
838,"England, United Kingdom",8867.493844177403,LOND-D3877
839,"England, United Kingdom",8867.493844177403,LOND-D3A17
840,"England, United Kingdom",8867.493844177403,LOND-D3F18
841,"England, United Kingdom",8867.493844177403,CAMB-78C4B
842,"England, United Kingdom",8867.493844177403,CAMB-790D5
843,"England, United Kingdom",8867.493844177403,CAMB-78012
844,"England, United Kingdom",8867.493844177403,CAMB-7970D
845,"England, United Kingdom",8867.493844177403,CAMB-798A0
846,"England, United Kingdom",8867.493844177403,CAMB-7964C
847,"England, United Kingdom",8867.493844177403,CAMB-7A283
848,"England, United Kingdom",8867.493844177403,CAMB-79D65
849,"England, United Kingdom",8867.493844177403,CAMB-78D0C
850,"England, United Kingdom",8867.493844177403,CAMB-79D29
851,"England, United Kingdom",8867.493844177403,CAMB-7A441
852,"England, United Kingdom",8867.493844177403,CAMB-79C68
853,,0.0,NIRE-102076
854,,0.0,NIRE-1022CB
855,,0.0,NIRE-FB439
856,"England, United Kingdom",8867.493844177403,NOTT-10FE15
857,"England, United Kingdom",8867.493844177403,NOTT-110118
858,"England, United Kingdom",8867.493844177403,NOTT-110303
859,"England, United Kingdom",8867.493844177403,NOTT-1104E2
860,"England, United Kingdom",8867.493844177403,CAMB-7CCA1
861,"England, United Kingdom",8867.493844177403,CAMB-7C676
862,"England, United Kingdom",8867.493844177403,CAMB-7B862
863,"England, United Kingdom",8867.493844177403,CAMB-7CE6F
864,"England, United Kingdom",8867.493844177403,CAMB-7BAB7
865,"England, United Kingdom",8867.493844177403,CAMB-7DBD0
866,,0.0,NIRE-FA968
867,"England, United Kingdom",8867.493844177403,CAMB-7D7EB
868,"England, United Kingdom",8867.493844177403,CAMB-7D657
869,"England, United Kingdom",8867.493844177403,CAMB-7D97C
870,"England, United Kingdom",8867.493844177403,CAMB-78FD9
871,"England, United Kingdom",8867.493844177403,CAMB-796E2
872,"England, United Kingdom",8867.493844177403,NOTT-1106EC
873,"England, United Kingdom",8867.493844177403,NOTT-1108B9
874,"England, United Kingdom",8867.493844177403,SHEF-C095C
875,"England, United Kingdom",8867.493844177403,SHEF-C2213
876,"England, United Kingdom",8867.493844177403,SHEF-C393B
877,"England, United Kingdom",8867.493844177403,SHEF-C52C5
878,"England, United Kingdom",8867.493844177403,SHEF-C6C02
879,"England, United Kingdom",8867.493844177403,SHEF-C7FF9
880,"England, United Kingdom",8867.493844177403,CAMB-7C7A0
881,"England, United Kingdom",8867.493844177403,CAMB-7D29F
882,"England, United Kingdom",8867.493844177403,CAMB-7C7EC
883,"England, United Kingdom",8867.493844177403,CAMB-7D262
884,"England, United Kingdom",8867.493844177403,CAMB-7D156
885,"England, United Kingdom",8867.493844177403,CAMB-7C764
886,"England, United Kingdom",8867.493844177403,CAMB-7BCA2
887,"England, United Kingdom",8867.493844177403,CAMB-7DAA6
888,"England, United Kingdom",8867.493844177403,CAMB-7C4F4
889,"England, United Kingdom",8867.493844177403,CAMB-7DCEC
890,"England, United Kingdom",8867.493844177403,CAMB-7D3D8
891,"England, United Kingdom",8867.493844177403,CAMB-7DC82
892,"England, United Kingdom",8867.493844177403,SHEF-C9BB7
893,"England, United Kingdom",8867.493844177403,SHEF-CAE53
894,"England, United Kingdom",8867.493844177403,SHEF-CBB5B
895,"England, United Kingdom",8867.493844177403,SHEF-CD02D
896,"England, United Kingdom",8867.493844177403,SHEF-CEC19
897,"England, United Kingdom",8867.493844177403,SHEF-D0801
898,"England, United Kingdom",8867.493844177403,SHEF-D1E3B
899,ایران,5584.068913062528,KHGRC-1.1-IPI-8206
900,"England, United Kingdom",8867.493844177403,CAMB-8174E
901,"England, United Kingdom",8867.493844177403,CAMB-81474
902,"England, United Kingdom",8867.493844177403,CAMB-81553
903,"England, United Kingdom",8867.493844177403,CAMB-814FC
904,"England, United Kingdom",8867.493844177403,BRIS-123C20
905,"England, United Kingdom",8867.493844177403,BRIS-1239B0
906,"England, United Kingdom",8867.493844177403,BRIS-1233B2
907,"England, United Kingdom",8867.493844177403,BRIS-123A26
908,"England, United Kingdom",8867.493844177403,BRIS-1230D9
909,"England, United Kingdom",8867.493844177403,BRIS-1237B6
910,"England, United Kingdom",8867.493844177403,BRIS-12383B
911,"England, United Kingdom",8867.493844177403,CAMB-81289
912,"England, United Kingdom",8867.493844177403,CAMB-80B16
913,"England, United Kingdom",8867.493844177403,CAMB-80994
914,"England, United Kingdom",8867.493844177403,CAMB-7ED51
915,"England, United Kingdom",8867.493844177403,CAMB-7EF79
916,"England, United Kingdom",8867.493844177403,CAMB-8125C
917,"England, United Kingdom",8867.493844177403,CAMB-7F39A
918,"England, United Kingdom",8867.493844177403,CAMB-7EB1B
919,"England, United Kingdom",8867.493844177403,CAMB-7EF00
920,"England, United Kingdom",8867.493844177403,CAMB-7EB2A
921,"England, United Kingdom",8867.493844177403,CAMB-81711
922,"England, United Kingdom",8867.493844177403,CAMB-807A9
923,Brunei,2911.3706989551697,1
924,Singapore,3433.7261988786736,120
925,Singapore,3433.7261988786736,145
926,France,9084.674887057203,BRE-5310
927,France,9084.674887057203,BRE-5681
928,France,9084.674887057203,HDF-6466
929,"England, United Kingdom",8867.493844177403,CAMB-83ADA
930,"England, United Kingdom",8867.493844177403,CAMB-83AE9
931,"England, United Kingdom",8867.493844177403,CAMB-832E1
932,"England, United Kingdom",8867.493844177403,CAMB-833DF
933,"England, United Kingdom",8867.493844177403,CAMB-83366
934,"England, United Kingdom",8867.493844177403,CAMB-823EF
935,"England, United Kingdom",8867.493844177403,CAMB-831B7
936,"England, United Kingdom",8867.493844177403,CAMB-1AA3C2
937,"England, United Kingdom",8867.493844177403,CAMB-822B5
938,"England, United Kingdom",8867.493844177403,CAMB-841F2
939,"England, United Kingdom",8867.493844177403,CAMB-824CE
940,"England, United Kingdom",8867.493844177403,CAMB-83287
941,"England, United Kingdom",8867.493844177403,CAMB-82288
942,"England, United Kingdom",8867.493844177403,CAMB-837A6
943,"England, United Kingdom",8867.493844177403,BRIS-125C00
944,"England, United Kingdom",8867.493844177403,BRIS-125462
945,"England, United Kingdom",8867.493844177403,BRIS-125D3A
946,"England, United Kingdom",8867.493844177403,BRIS-125C3D
947,"England, United Kingdom",8867.493844177403,BRIS-125286
948,"England, United Kingdom",8867.493844177403,BRIS-124ADA
949,"England, United Kingdom",8867.493844177403,BRIS-125D2B
950,"England, United Kingdom",8867.493844177403,BRIS-125963
951,"England, United Kingdom",8867.493844177403,BRIS-124C2F
952,"England, United Kingdom",8867.493844177403,BRIS-125A33
953,"England, United Kingdom",8867.493844177403,BRIS-124946
954,"England, United Kingdom",8867.493844177403,BRIS-125857
955,"England, United Kingdom",8867.493844177403,BRIS-124E74
956,"England, United Kingdom",8867.493844177403,BRIS-124B5F
957,United States,11406.681274993123,CA-CZB-1106
958,"England, United Kingdom",8867.493844177403,LOND-D406F
959,"England, United Kingdom",8867.493844177403,LOND-D42E1
960,"England, United Kingdom",8867.493844177403,LOND-D45E8
961,"England, United Kingdom",8867.493844177403,LOND-D49CE
962,"England, United Kingdom",8867.493844177403,LOND-D4FDB
963,"England, United Kingdom",8867.493844177403,LOND-D5383
964,"England, United Kingdom",8867.493844177403,LOND-D5BC7
965,"England, United Kingdom",8867.493844177403,LOND-D5F34
966,"England, United Kingdom",8867.493844177403,BIRM-5E364
967,"England, United Kingdom",8867.493844177403,CAMB-1AA447
968,"England, United Kingdom",8867.493844177403,CAMB-1ABE93
969,"England, United Kingdom",8867.493844177403,CAMB-1AC050
970,"England, United Kingdom",8867.493844177403,CAMB-1AC2D2
971,"England, United Kingdom",8867.493844177403,CAMB-7FDBA
972,"England, United Kingdom",8867.493844177403,CAMB-80E95
973,India,3646.652871997778,GJ-GBRC35
974,Sverige,7623.643651679293,KI-CTMR-V300037768-8A
975,Canada,9129.4733398851,QC_AD8
976,United States,11406.681274993123,IL-NM043
977,United States,11406.681274993123,IL-NM073
978,United States,11406.681274993123,IL-NM0108
979,United States,11406.681274993123,NY-NYUMC502
980,United States,11406.681274993123,NY-NYUMC527
981,United States,11406.681274993123,NY-NYUMC552
982,United States,11406.681274993123,NY-NYUMC577
983,United States,11406.681274993123,NY-NYUMC602
984,United States,11406.681274993123,NJ-NYUMC627
985,United States,11406.681274993123,NY-NYUMC652
986,Australia,6531.178473609907,QLDID940
987,Danmark,8045.341571755037,ALAB-SSI-1272
988,Danmark,8045.341571755037,ALAB-SSI-705
989,Danmark,8045.341571755037,ALAB-SSI-757
990,Danmark,8045.341571755037,ALAB-SSI-805
991,Danmark,8045.341571755037,ALAB-SSI-852
992,Danmark,8045.341571755037,ALAB-SSI-904
993,United States,11406.681274993123,SC_NHRC_01
994,United States,11406.681274993123,FL-BPHL-0079
995,United States,11406.681274993123,FL-BPHL-0105
996,Lëtzebuerg,8622.851048280945,LNS2156711
997,United States,11406.681274993123,CA-SR0108
998,United States,11406.681274993123,LA-SR0274
999,United States,11406.681274993123,LA-SR0299
