Location,Distance from Wuhan
Wuhan,0.0
Zhejiang,577.8233184668012
Wuhan,0.0
Chongqing,754.4894027643531
USA,11406.681274993123
Australia,6531.178473609907
HongKong,924.7727244549505
Italy,8612.950944345428
Scotland,8715.221803674902
USA,11406.681274993123
Netherlands,8482.642646220407
USA,11406.681274993123
Weifang,814.5110580619139
Guangdong,836.5901018814087
Guangdong,836.5901018814087
USA,11406.681274993123
Scotland,8715.221803674902
Netherlands,8482.642646220407
Netherlands,8482.642646220407
USA,11406.681274993123
Germany,8290.067440661527
Netherlands,8482.642646220407
Chile,19465.12583422653
USA,11406.681274993123
Finland,6923.099694779077
England,8867.493844177403
Belgium,8658.929809902107
Netherlands,8482.642646220407
Netherlands,8482.642646220407
Netherlands,8482.642646220407
Canada,9129.4733398851
USA,11406.681274993123
Scotland,8715.221803674902
Wales,9014.840745538198
Wales,9014.840745538198
Denmark,8045.341571755037
Shanghai,687.4754366097745
Shanghai,687.4754366097745
Australia,6531.178473609907
USA,11406.681274993123
USA,11406.681274993123
Poland,7697.002487782772
Australia,6531.178473609907
Japan,2396.2127103130756
Japan,2396.2127103130756
Japan,2396.2127103130756
USA,11406.681274993123
USA,11406.681274993123
USA,11406.681274993123
USA,11406.681274993123
France,9084.674887057203
Belgium,8658.929809902107
HongKong,924.7727244549505
USA,11406.681274993123
USA,11406.681274993123
USA,11406.681274993123
USA,11406.681274993123
USA,11406.681274993123
England,8867.493844177403
England,8867.493844177403
England,8867.493844177403
England,8867.493844177403
USA,11406.681274993123
USA,11406.681274993123
USA,11406.681274993123
Australia,6531.178473609907
Belgium,8658.929809902107
USA,11406.681274993123
USA,11406.681274993123
USA,11406.681274993123
Taiwan,988.4990144010466
Iceland,8622.11091031505
Iceland,8622.11091031505
Iceland,8622.11091031505
Iceland,8622.11091031505
Iceland,8622.11091031505
Iceland,8622.11091031505
Iceland,8622.11091031505
Iceland,8622.11091031505
Iceland,8622.11091031505
Iceland,8622.11091031505
Iceland,8622.11091031505
Iceland,8622.11091031505
Iceland,8622.11091031505
Iceland,8622.11091031505
Brazil,17417.817813507423
Spain,10018.161376434806
Portugal,10158.685418283656
Portugal,10158.685418283656
USA,11406.681274993123
USA,11406.681274993123
Wales,9014.840745538198
Wales,9014.840745538198
Wales,9014.840745538198
Wales,9014.840745538198
USA,11406.681274993123
France,9084.674887057203
Italy,8612.950944345428
Switzerland,8673.163560992874
England,8867.493844177403
Canada,9129.4733398851
Canada,9129.4733398851
Finland,6923.099694779077
Finland,6923.099694779077
Switzerland,8673.163560992874
Ireland,9188.270223533136
Belgium,8658.929809902107
England,8867.493844177403
England,8867.493844177403
England,8867.493844177403
England,8867.493844177403
USA,11406.681274993123
Belgium,8658.929809902107
Canada,9129.4733398851
Canada,9129.4733398851
USA,11406.681274993123
USA,11406.681274993123
USA,11406.681274993123
USA,11406.681274993123
USA,11406.681274993123
Singapore,3433.7261988786736
Israel,7380.77312985398
Spain,10018.161376434806
Belgium,8658.929809902107
USA,11406.681274993123
Wales,9014.840745538198
Wales,9014.840745538198
Wales,9014.840745538198
USA,11406.681274993123
USA,11406.681274993123
Luxembourg,8622.851048280945
Luxembourg,8622.851048280945
Austria,8326.230930862777
USA,11406.681274993123
Australia,6531.178473609907
Australia,6531.178473609907
Australia,6531.178473609907
Australia,6531.178473609907
Australia,6531.178473609907
Australia,6531.178473609907
Australia,6531.178473609907
Australia,6531.178473609907
Australia,6531.178473609907
Australia,6531.178473609907
Australia,6531.178473609907
Australia,6531.178473609907
USA,11406.681274993123
France,9084.674887057203
Senegal,12591.099254259068
Singapore,3433.7261988786736
Spain,10018.161376434806
Norway,7852.46927016017
England,8867.493844177403
England,8867.493844177403
England,8867.493844177403
England,8867.493844177403
England,8867.493844177403
USA,11406.681274993123
Belgium,8658.929809902107
Belgium,8658.929809902107
Belgium,8658.929809902107
Belgium,8658.929809902107
Belgium,8658.929809902107
Belgium,8658.929809902107
England,8867.493844177403
England,8867.493844177403
England,8867.493844177403
India,3646.652871997778
USA,11406.681274993123
France,9084.674887057203
England,8867.493844177403
England,8867.493844177403
England,8867.493844177403
England,8867.493844177403
England,8867.493844177403
England,8867.493844177403
SouthKorea,1395.6669042982999
DRC,10221.898849467807
Germany,8290.067440661527
Wales,9014.840745538198
Wales,9014.840745538198
Wales,9014.840745538198
Wales,9014.840745538198
Belgium,8658.929809902107
Belgium,8658.929809902107
Nanchang,259.89210178847605
USA,11406.681274993123
USA,11406.681274993123
USA,11406.681274993123
USA,11406.681274993123
USA,11406.681274993123
USA,11406.681274993123
USA,11406.681274993123
Portugal,10158.685418283656
Portugal,10158.685418283656
Spain,10018.161376434806
USA,11406.681274993123
USA,11406.681274993123
USA,11406.681274993123
India,3646.652871997778
USA,11406.681274993123
Luxembourg,8622.851048280945
England,8867.493844177403
England,8867.493844177403
England,8867.493844177403
England,8867.493844177403
England,8867.493844177403
England,8867.493844177403
England,8867.493844177403
England,8867.493844177403
England,8867.493844177403
England,8867.493844177403
Wales,9014.840745538198
Wales,9014.840745538198
Wales,9014.840745538198
Wales,9014.840745538198
Wales,9014.840745538198
Wales,9014.840745538198
Wales,9014.840745538198
Wales,9014.840745538198
Wales,9014.840745538198
Wales,9014.840745538198
Wales,9014.840745538198
Wales,9014.840745538198
Wales,9014.840745538198
Taiwan,988.4990144010466
USA,11406.681274993123
USA,11406.681274993123
USA,11406.681274993123
USA,11406.681274993123
Netherlands,8482.642646220407
Netherlands,8482.642646220407
Netherlands,8482.642646220407
Netherlands,8482.642646220407
Netherlands,8482.642646220407
Netherlands,8482.642646220407
Netherlands,8482.642646220407
Netherlands,8482.642646220407
Netherlands,8482.642646220407
Netherlands,8482.642646220407
Netherlands,8482.642646220407
Netherlands,8482.642646220407
Netherlands,8482.642646220407
Netherlands,8482.642646220407
Netherlands,8482.642646220407
Netherlands,8482.642646220407
USA,11406.681274993123
USA,11406.681274993123
Netherlands,8482.642646220407
England,8867.493844177403
England,8867.493844177403
England,8867.493844177403
England,8867.493844177403
England,8867.493844177403
England,8867.493844177403
England,8867.493844177403
England,8867.493844177403
England,8867.493844177403
England,8867.493844177403
England,8867.493844177403
England,8867.493844177403
England,8867.493844177403
England,8867.493844177403
England,8867.493844177403
England,8867.493844177403
England,8867.493844177403
England,8867.493844177403
England,8867.493844177403
England,8867.493844177403
England,8867.493844177403
England,8867.493844177403
England,8867.493844177403
England,8867.493844177403
England,8867.493844177403
England,8867.493844177403
England,8867.493844177403
England,8867.493844177403
England,8867.493844177403
England,8867.493844177403
England,8867.493844177403
England,8867.493844177403
England,8867.493844177403
England,8867.493844177403
England,8867.493844177403
England,8867.493844177403
England,8867.493844177403
England,8867.493844177403
England,8867.493844177403
England,8867.493844177403
England,8867.493844177403
England,8867.493844177403
England,8867.493844177403
England,8867.493844177403
England,8867.493844177403
USA,11406.681274993123
USA,11406.681274993123
USA,11406.681274993123
USA,11406.681274993123
USA,11406.681274993123
USA,11406.681274993123
USA,11406.681274993123
India,3646.652871997778
Iceland,8622.11091031505
Iceland,8622.11091031505
Iceland,8622.11091031505
Iceland,8622.11091031505
Iceland,8622.11091031505
Iceland,8622.11091031505
Iceland,8622.11091031505
Iceland,8622.11091031505
Iceland,8622.11091031505
Belgium,8658.929809902107
Belgium,8658.929809902107
USA,11406.681274993123
USA,11406.681274993123
USA,11406.681274993123
USA,11406.681274993123
USA,11406.681274993123
France,9084.674887057203
Germany,8290.067440661527
USA,11406.681274993123
USA,11406.681274993123
Spain,10018.161376434806
